t,P_chosen,P_unchosen,P_left,P_right
23.197329375031405,0.5151801232849272,0.48481987671507276,0.5151801232849272,0.48481987671507276
23.747329375031406,0.5107707840777695,0.48922921592223045,0.5107707840777695,0.48922921592223045
24.297329375031403,0.5038655467664154,0.4961344532335846,0.5038655467664154,0.4961344532335846
24.847329375031403,0.48200444204561976,0.5179955579543802,0.48200444204561976,0.5179955579543802
25.397329375031404,0.4395886870622786,0.5604113129377214,0.4395886870622786,0.5604113129377214
25.947329375031405,0.4014544699761884,0.5985455300238116,0.4014544699761884,0.5985455300238116
26.497329375031406,0.3483574909368147,0.6516425090631853,0.3483574909368147,0.6516425090631853
33.05222341599874,0.5188339217866443,0.48116607821335566,0.48116607821335566,0.5188339217866443
33.60222341599874,0.5108047051363467,0.4891952948636534,0.4891952948636534,0.5108047051363467
34.15222341599874,0.49203550387225325,0.5079644961277467,0.5079644961277467,0.49203550387225325
34.702223415998745,0.45015184422640986,0.5498481557735901,0.5498481557735901,0.45015184422640986
35.25222341599874,0.41304582528715383,0.5869541747128462,0.5869541747128462,0.41304582528715383
35.80222341599874,0.37509150884542675,0.6249084911545733,0.6249084911545733,0.37509150884542675
36.35222341599874,0.3431507195502568,0.6568492804497432,0.6568492804497432,0.3431507195502568
36.90222341599874,0.32404101087546616,0.6759589891245339,0.6759589891245339,0.32404101087546616
42.8880294580711,0.461825601722933,0.538174398277067,0.538174398277067,0.461825601722933
43.43802945807111,0.4570924996950936,0.5429075003049064,0.5429075003049064,0.4570924996950936
43.988029458071104,0.4583635110485498,0.5416364889514502,0.5416364889514502,0.4583635110485498
44.53802945807111,0.4662282010114366,0.5337717989885634,0.5337717989885634,0.4662282010114366
45.088029458071105,0.48997081485726846,0.5100291851427315,0.5100291851427315,0.48997081485726846
45.6380294580711,0.5219672523346686,0.47803274766533144,0.47803274766533144,0.5219672523346686
52.76519366605207,0.4793100453828788,0.5206899546171212,0.4793100453828788,0.5206899546171212
53.315193666052075,0.4831436509843039,0.5168563490156961,0.4831436509843039,0.5168563490156961
53.86519366605207,0.5001524269684167,0.49984757303158334,0.5001524269684167,0.49984757303158334
54.415193666052076,0.5419196919170151,0.45808030808298494,0.5419196919170151,0.45808030808298494
54.96519366605207,0.5947424778238855,0.4052575221761145,0.5947424778238855,0.4052575221761145
55.51519366605207,0.6342773618152578,0.36572263818474215,0.6342773618152578,0.36572263818474215
56.065193666052075,0.6617080057211238,0.3382919942788763,0.6617080057211238,0.3382919942788763
56.61519366605207,0.6772517949930594,0.3227482050069406,0.6772517949930594,0.3227482050069406
62.647932333010246,0.5167147959912541,0.48328520400874586,0.48328520400874586,0.5167147959912541
63.19793233301025,0.4967339768082275,0.5032660231917725,0.5032660231917725,0.4967339768082275
63.74793233301025,0.4717965687558747,0.5282034312441253,0.5282034312441253,0.4717965687558747
64.29793233301025,0.4272933389608442,0.5727066610391558,0.5727066610391558,0.4272933389608442
64.84793233301025,0.386536041769246,0.613463958230754,0.613463958230754,0.386536041769246
65.39793233301025,0.355195183768387,0.644804816231613,0.644804816231613,0.355195183768387
65.94793233301024,0.3350830922689101,0.6649169077310899,0.6649169077310899,0.3350830922689101
82.48494350009132,0.47337431676573205,0.526625683234268,0.47337431676573205,0.526625683234268
83.03494350009132,0.49652811508568084,0.5034718849143192,0.49652811508568084,0.5034718849143192
83.58494350009133,0.5233377268774995,0.47666227312250053,0.5233377268774995,0.47666227312250053
84.13494350009132,0.5518587217662474,0.44814127823375255,0.5518587217662474,0.44814127823375255
84.68494350009132,0.5936030600306157,0.4063969399693844,0.5936030600306157,0.4063969399693844
85.23494350009132,0.6311405602345367,0.3688594397654633,0.6311405602345367,0.3688594397654633
92.35153495806735,0.4642027673017234,0.5357972326982766,0.5357972326982766,0.4642027673017234
92.90153495806734,0.46301860432777797,0.536981395672222,0.536981395672222,0.46301860432777797
93.45153495806736,0.4701240496445135,0.5298759503554865,0.5298759503554865,0.4701240496445135
94.00153495806735,0.4956937957401367,0.5043062042598633,0.5043062042598633,0.4956937957401367
94.55153495806735,0.5328162959983643,0.46718370400163567,0.46718370400163567,0.5328162959983643
95.10153495806735,0.5674378780855667,0.4325621219144333,0.4325621219144333,0.5674378780855667
95.65153495806734,0.6338973587797287,0.36610264122027125,0.36610264122027125,0.6338973587797287
96.20153495806736,0.6738457282300172,0.32615427176998274,0.32615427176998274,0.6738457282300172
96.75153495806735,0.6836712848841874,0.3163287151158126,0.3163287151158126,0.6836712848841874
102.5932667080313,0.49192330777670423,0.5080766922232958,0.5080766922232958,0.49192330777670423
103.14326670803129,0.4877679958836665,0.5122320041163335,0.5122320041163335,0.4877679958836665
103.6932667080313,0.4849247183210924,0.5150752816789076,0.5150752816789076,0.4849247183210924
104.2432667080313,0.49245262271894963,0.5075473772810504,0.5075473772810504,0.49245262271894963
104.7932667080313,0.5408210928678714,0.4591789071321286,0.4591789071321286,0.5408210928678714
105.3432667080313,0.6037770698042859,0.39622293019571414,0.39622293019571414,0.6037770698042859
105.89326670803129,0.6674931971474342,0.33250680285256584,0.33250680285256584,0.6674931971474342
106.4432667080313,0.6828010910479214,0.3171989089520786,0.3171989089520786,0.6828010910479214
112.43548429100774,0.47195758120231945,0.5280424187976807,0.47195758120231945,0.5280424187976807
112.98548429100774,0.4793690901361639,0.5206309098638361,0.4793690901361639,0.5206309098638361
113.53548429100775,0.5294252229727103,0.4705747770272896,0.5294252229727103,0.4705747770272896
114.08548429100775,0.5772312659660017,0.42276873403399823,0.5772312659660017,0.42276873403399823
114.63548429100774,0.6216403200281841,0.37835967997181585,0.6216403200281841,0.37835967997181585
115.18548429100774,0.6520403988762373,0.34795960112376256,0.6520403988762373,0.34795960112376256
115.73548429100774,0.6696691671330065,0.3303308328669935,0.6696691671330065,0.3303308328669935
122.2529197079828,0.5006115059624294,0.4993884940375706,0.4993884940375706,0.5006115059624294
122.8029197079828,0.5072252396052702,0.4927747603947298,0.4927747603947298,0.5072252396052702
123.3529197079828,0.5299611023493198,0.4700388976506803,0.4700388976506803,0.5299611023493198
123.9029197079828,0.5635789637828463,0.4364210362171537,0.4364210362171537,0.5635789637828463
124.4529197079828,0.595181291714711,0.40481870828528904,0.40481870828528904,0.595181291714711
125.0029197079828,0.6401493797169217,0.35985062028307835,0.35985062028307835,0.6401493797169217
125.5529197079828,0.6685743196221736,0.3314256803778264,0.3314256803778264,0.6685743196221736
132.11417629099452,0.4914808912614644,0.5085191087385357,0.5085191087385357,0.4914808912614644
132.6641762909945,0.4959594568197947,0.5040405431802053,0.5040405431802053,0.4959594568197947
133.21417629099452,0.5147139809218961,0.4852860190781039,0.4852860190781039,0.5147139809218961
133.7641762909945,0.5520054120675439,0.44799458793245606,0.44799458793245606,0.5520054120675439
134.3141762909945,0.6055822363407426,0.3944177636592574,0.3944177636592574,0.6055822363407426
134.86417629099452,0.648480483065386,0.351519516934614,0.351519516934614,0.648480483065386
135.4141762909945,0.6698790872002387,0.3301209127997612,0.3301209127997612,0.6698790872002387
141.9638129160274,0.48271782399860363,0.5172821760013964,0.48271782399860363,0.5172821760013964
142.51381291602738,0.4866842890324315,0.5133157109675686,0.4866842890324315,0.5133157109675686
143.0638129160274,0.5048973809305366,0.4951026190694634,0.5048973809305366,0.4951026190694634
143.61381291602737,0.529056078157295,0.47094392184270495,0.529056078157295,0.47094392184270495
144.16381291602738,0.5899839093777048,0.41001609062229516,0.5899839093777048,0.41001609062229516
144.7138129160274,0.6489883202736705,0.3510116797263295,0.6489883202736705,0.3510116797263295
145.26381291602738,0.6750219988917493,0.3249780011082507,0.6750219988917493,0.3249780011082507
151.780125791044,0.4811770171454981,0.5188229828545019,0.4811770171454981,0.5188229828545019
152.33012579104397,0.4801610552732887,0.5198389447267113,0.4801610552732887,0.5198389447267113
152.88012579104398,0.487397648892811,0.512602351107189,0.487397648892811,0.512602351107189
153.43012579104396,0.5095064086143593,0.49049359138564075,0.5095064086143593,0.49049359138564075
153.98012579104397,0.5834598651918806,0.41654013480811936,0.5834598651918806,0.41654013480811936
154.530125791044,0.6420346908223764,0.3579653091776236,0.6420346908223764,0.3579653091776236
155.08012579104397,0.6755119282839441,0.3244880717160558,0.6755119282839441,0.3244880717160558
155.63012579104398,0.6837774511315723,0.3162225488684277,0.6837774511315723,0.3162225488684277
161.53946395807435,0.47540290644523014,0.5245970935547699,0.47540290644523014,0.5245970935547699
162.08946395807433,0.4637036612986731,0.536296338701327,0.4637036612986731,0.536296338701327
162.63946395807434,0.4617724700966328,0.5382275299033672,0.4617724700966328,0.5382275299033672
163.18946395807433,0.4944895400792611,0.505510459920739,0.4944895400792611,0.505510459920739
163.73946395807434,0.5280713845800034,0.47192861541999664,0.5280713845800034,0.47192861541999664
164.28946395807435,0.5770087764244749,0.4229912235755251,0.5770087764244749,0.4229912235755251
171.44658508298454,0.4512677337944472,0.5487322662055528,0.4512677337944472,0.5487322662055528
171.99658508298452,0.4351017726416126,0.5648982273583874,0.4351017726416126,0.5648982273583874
172.54658508298454,0.44771425736785087,0.5522857426321491,0.44771425736785087,0.5522857426321491
173.09658508298452,0.47983849569342696,0.520161504306573,0.47983849569342696,0.520161504306573
173.64658508298453,0.5352569091511894,0.46474309084881066,0.5352569091511894,0.46474309084881066
174.19658508298454,0.5951111725534588,0.40488882744654126,0.5951111725534588,0.40488882744654126
174.74658508298452,0.6549887133658685,0.34501128663413155,0.6549887133658685,0.34501128663413155
181.28352754104418,0.4919531008062805,0.5080468991937195,0.5080468991937195,0.4919531008062805
181.83352754104416,0.49691142860126836,0.5030885713987316,0.5030885713987316,0.49691142860126836
182.38352754104417,0.5080402134640335,0.4919597865359665,0.4919597865359665,0.5080402134640335
182.93352754104416,0.5451821658885087,0.4548178341114913,0.4548178341114913,0.5451821658885087
191.11235600006768,0.48365560090420234,0.5163443990957977,0.5163443990957977,0.48365560090420234
191.66235600006766,0.49935805921930504,0.500641940780695,0.500641940780695,0.49935805921930504
192.21235600006767,0.5222464232741939,0.4777535767258061,0.4777535767258061,0.5222464232741939
192.76235600006765,0.54464141497515,0.4553585850248501,0.4553585850248501,0.54464141497515
193.31235600006767,0.5750543305966509,0.42494566940334905,0.42494566940334905,0.5750543305966509
193.86235600006768,0.611139999378747,0.38886000062125303,0.38886000062125303,0.611139999378747
194.41235600006766,0.6596203630963715,0.34037963690362855,0.34037963690362855,0.6596203630963715
194.96235600006767,0.6777225339972164,0.3222774660027836,0.3222774660027836,0.6777225339972164
200.96870545805433,0.4778128776488397,0.5221871223511603,0.4778128776488397,0.5221871223511603
201.5187054580543,0.4594768080500306,0.5405231919499693,0.4594768080500306,0.5405231919499693
202.06870545805432,0.461217485356392,0.538782514643608,0.461217485356392,0.538782514643608
202.6187054580543,0.494081834410821,0.505918165589179,0.494081834410821,0.505918165589179
203.16870545805432,0.5388692437342562,0.46113075626574385,0.5388692437342562,0.46113075626574385
203.71870545805433,0.5800056755238199,0.41999432447618007,0.5800056755238199,0.41999432447618007
204.2687054580543,0.6491416891655347,0.3508583108344653,0.6491416891655347,0.3508583108344653
204.81870545805432,0.6756134600965271,0.32438653990347294,0.6756134600965271,0.32438653990347294
205.3687054580543,0.683596778579441,0.316403221420559,0.683596778579441,0.316403221420559
210.77086662508083,0.504961889978885,0.495038110021115,0.495038110021115,0.504961889978885
211.3208666250808,0.5164455050271206,0.4835544949728793,0.4835544949728793,0.5164455050271206
211.87086662508082,0.5510761900165154,0.4489238099834846,0.4489238099834846,0.5510761900165154
212.4208666250808,0.5873747851402402,0.4126252148597598,0.4126252148597598,0.5873747851402402
212.97086662508082,0.6177505688515741,0.38224943114842597,0.38224943114842597,0.6177505688515741
220.56511683303398,0.5614446888394281,0.4385553111605719,0.4385553111605719,0.5614446888394281
221.11511683303397,0.5692446729091349,0.43075532709086506,0.43075532709086506,0.5692446729091349
221.66511683303398,0.5546452082388741,0.4453547917611259,0.4453547917611259,0.5546452082388741
222.21511683303396,0.5317330145946385,0.4682669854053615,0.4682669854053615,0.5317330145946385
222.76511683303397,0.5004398647437054,0.4995601352562946,0.4995601352562946,0.5004398647437054
223.31511683303398,0.46414217864814955,0.5358578213518504,0.5358578213518504,0.46414217864814955
223.86511683303397,0.39970896503897124,0.6002910349610288,0.6002910349610288,0.39970896503897124
230.36393070798368,0.4459622339246907,0.5540377660753093,0.4459622339246907,0.5540377660753093
230.91393070798367,0.44434569092719467,0.5556543090728053,0.44434569092719467,0.5556543090728053
231.46393070798368,0.4725391937674355,0.5274608062325645,0.4725391937674355,0.5274608062325645
232.01393070798366,0.5058499954347462,0.4941500045652538,0.5058499954347462,0.4941500045652538
232.56393070798367,0.5391330460642412,0.4608669539357588,0.5391330460642412,0.4608669539357588
233.11393070798368,0.570562052107632,0.429437947892368,0.570562052107632,0.429437947892368
233.66393070798367,0.6359954922650262,0.3640045077349739,0.6359954922650262,0.3640045077349739
240.1468289159937,0.5330946765032655,0.4669053234967345,0.5330946765032655,0.4669053234967345
240.69682891599368,0.5583127770175492,0.4416872229824508,0.5583127770175492,0.4416872229824508
241.2468289159937,0.569532429557424,0.43046757044257594,0.569532429557424,0.43046757044257594
241.79682891599367,0.5602753305899486,0.43972466941005134,0.5602753305899486,0.43972466941005134
242.34682891599368,0.5031383756671854,0.49686162433281456,0.5031383756671854,0.49686162433281456
242.8968289159937,0.42151273192274435,0.5784872680772557,0.42151273192274435,0.5784872680772557
243.44682891599368,0.34072099374653675,0.6592790062534633,0.34072099374653675,0.6592790062534633
243.9968289159937,0.31780514142388394,0.682194858576116,0.31780514142388394,0.682194858576116
244.54682891599367,0.31445157022377973,0.6855484297762202,0.31445157022377973,0.6855484297762202
249.9400788750034,0.46525328343586436,0.5347467165641356,0.5347467165641356,0.46525328343586436
250.49007887500338,0.4404139237038792,0.5595860762961208,0.5595860762961208,0.4404139237038792
251.0400788750034,0.4255817142912218,0.5744182857087782,0.5744182857087782,0.4255817142912218
251.59007887500337,0.4270745276122293,0.5729254723877707,0.5729254723877707,0.4270745276122293
252.14007887500338,0.5174283383247922,0.4825716616752079,0.4825716616752079,0.5174283383247922
252.6900788750034,0.6023242453089239,0.3976757546910761,0.3976757546910761,0.6023242453089239
253.24007887500338,0.6544340334037118,0.34556596659628824,0.34556596659628824,0.6544340334037118
259.7998686660547,0.45684987521272225,0.5431501247872778,0.45684987521272225,0.5431501247872778
260.3498686660547,0.45196920217637065,0.5480307978236294,0.45196920217637065,0.5480307978236294
260.89986866605466,0.4678659586708794,0.5321340413291207,0.4678659586708794,0.5321340413291207
261.44986866605467,0.501098667333358,0.49890133266664205,0.501098667333358,0.49890133266664205
261.9998686660547,0.5388377334043053,0.46116226659569476,0.5388377334043053,0.46116226659569476
262.5498686660547,0.581557562634777,0.418442437365223,0.581557562634777,0.418442437365223
263.0998686660547,0.6279089146540056,0.3720910853459945,0.6279089146540056,0.3720910853459945
263.64986866605466,0.6615945845715722,0.33840541542842784,0.6615945845715722,0.33840541542842784
270.25380562508946,0.44985781452591106,0.5501421854740889,0.5501421854740889,0.44985781452591106
270.80380562508947,0.4170692404795911,0.582930759520409,0.582930759520409,0.4170692404795911
271.3538056250894,0.4079350096456762,0.5920649903543238,0.5920649903543238,0.4079350096456762
271.90380562508943,0.410974976590343,0.589025023409657,0.589025023409657,0.410974976590343
272.45380562508944,0.4843773707203407,0.5156226292796593,0.5156226292796593,0.4843773707203407
280.1045888330089,0.4755512458245461,0.5244487541754539,0.5244487541754539,0.4755512458245461
280.6545888330089,0.4522409953835005,0.5477590046164995,0.5477590046164995,0.4522409953835005
281.20458883300887,0.4367150254123102,0.5632849745876898,0.5632849745876898,0.4367150254123102
281.7545888330089,0.438196830926694,0.561803169073306,0.561803169073306,0.438196830926694
282.3045888330089,0.5122681429134022,0.48773185708659783,0.48773185708659783,0.5122681429134022
282.8545888330089,0.5950251431641875,0.4049748568358126,0.4049748568358126,0.5950251431641875
283.4045888330089,0.6471038236386495,0.35289617636135046,0.35289617636135046,0.6471038236386495
283.95458883300887,0.6769188854457368,0.32308111455426325,0.32308111455426325,0.6769188854457368
289.9511452080449,0.5420817936357295,0.4579182063642705,0.4579182063642705,0.5420817936357295
290.50114520804493,0.5237531233962232,0.4762468766037769,0.4762468766037769,0.5237531233962232
291.0511452080449,0.4996265731840519,0.5003734268159481,0.5003734268159481,0.4996265731840519
291.6011452080449,0.4729888064695029,0.5270111935304971,0.5270111935304971,0.4729888064695029
292.1511452080449,0.4430409238592653,0.5569590761407347,0.5569590761407347,0.4430409238592653
299.80724504108076,0.44528150821676604,0.554718491783234,0.44528150821676604,0.554718491783234
300.3572450410808,0.44392578558646867,0.5560742144135313,0.44392578558646867,0.5560742144135313
300.9072450410807,0.47735027117266854,0.5226497288273315,0.47735027117266854,0.5226497288273315
301.45724504108074,0.5123364581203421,0.4876635418796579,0.5123364581203421,0.4876635418796579
302.00724504108075,0.5522560899803833,0.44774391001961666,0.5522560899803833,0.44774391001961666
302.55724504108076,0.5881139483513529,0.41188605164864706,0.5881139483513529,0.41188605164864706
303.1072450410808,0.6447179068021884,0.3552820931978116,0.6447179068021884,0.3552820931978116
309.69215912506917,0.4638646926672172,0.5361353073327828,0.5361353073327828,0.4638646926672172
310.2421591250692,0.4388621292055055,0.5611378707944945,0.5611378707944945,0.4388621292055055
310.79215912506913,0.41955144628746294,0.580448553712537,0.580448553712537,0.41955144628746294
311.34215912506914,0.43091984989543597,0.5690801501045639,0.5690801501045639,0.43091984989543597
311.89215912506916,0.5029258046512705,0.49707419534872954,0.49707419534872954,0.5029258046512705
312.44215912506917,0.5742674666461225,0.42573253335387745,0.42573253335387745,0.5742674666461225
312.9921591250692,0.6409280036081149,0.35907199639188514,0.35907199639188514,0.6409280036081149
313.54215912506913,0.6795305904026114,0.3204694095973886,0.3204694095973886,0.6795305904026114
319.52726829105524,0.4993877404928375,0.5006122595071625,0.4993877404928375,0.5006122595071625
320.07726829105525,0.54357931986912,0.45642068013088,0.54357931986912,0.45642068013088
320.6272682910552,0.5946801034492748,0.4053198965507252,0.5946801034492748,0.4053198965507252
321.1772682910552,0.6320661310518723,0.3679338689481278,0.6320661310518723,0.3679338689481278
321.7272682910552,0.658937628687272,0.341062371312728,0.658937628687272,0.341062371312728
322.27726829105524,0.6733127418189259,0.32668725818107414,0.6733127418189259,0.32668725818107414
329.3965246660635,0.504963856189317,0.49503614381068295,0.49503614381068295,0.504963856189317
329.9465246660635,0.5185886759548329,0.48141132404516707,0.48141132404516707,0.5185886759548329
330.49652466606346,0.5610319784242761,0.4389680215757239,0.4389680215757239,0.5610319784242761
331.0465246660635,0.6059256843158844,0.3940743156841155,0.3940743156841155,0.6059256843158844
331.5965246660635,0.6410181783621669,0.35898182163783315,0.35898182163783315,0.6410181783621669
332.1465246660635,0.6648150297989931,0.3351849702010069,0.3351849702010069,0.6648150297989931
332.6965246660635,0.6786630291080586,0.3213369708919414,0.3213369708919414,0.6786630291080586
339.24603670807556,0.4934313730173249,0.506568626982675,0.506568626982675,0.4934313730173249
339.7960367080756,0.48114482225553257,0.5188551777444674,0.5188551777444674,0.48114482225553257
340.34603670807553,0.45061993093127106,0.5493800690687289,0.5493800690687289,0.45061993093127106
340.89603670807554,0.41403653052618994,0.5859634694738101,0.5859634694738101,0.41403653052618994
341.44603670807555,0.3769601967809595,0.6230398032190405,0.6230398032190405,0.3769601967809595
349.07325037505944,0.4957599478911069,0.5042400521088931,0.5042400521088931,0.4957599478911069
349.62325037505946,0.506816392330782,0.493183607669218,0.493183607669218,0.506816392330782
350.1732503750594,0.5319977590609791,0.4680022409390209,0.4680022409390209,0.5319977590609791
350.7232503750594,0.5595277227418513,0.44047227725814875,0.44047227725814875,0.5595277227418513
351.27325037505943,0.6024551173817603,0.3975448826182397,0.3975448826182397,0.6024551173817603
351.82325037505944,0.6388215135761532,0.3611784864238468,0.3611784864238468,0.6388215135761532
352.37325037505946,0.6619185229206782,0.3380814770793218,0.3380814770793218,0.6619185229206782
358.94662037498784,0.5384484474460515,0.46155155255394853,0.5384484474460515,0.46155155255394853
359.49662037498786,0.5149673941402738,0.4850326058597262,0.5149673941402738,0.4850326058597262
360.0466203749878,0.49054319672259705,0.509456803277403,0.49054319672259705,0.509456803277403
360.5966203749878,0.45330809839963215,0.5466919016003678,0.45330809839963215,0.5466919016003678
361.14662037498783,0.41422627558903935,0.5857737244109607,0.41422627558903935,0.5857737244109607
361.69662037498784,0.37867219056952134,0.6213278094304786,0.37867219056952134,0.6213278094304786
362.24662037498786,0.3418169949605583,0.6581830050394417,0.3418169949605583,0.6581830050394417
362.7966203749878,0.3247777878186442,0.6752222121813558,0.3247777878186442,0.6752222121813558
368.817597500002,0.5152550160902297,0.4847449839097703,0.4847449839097703,0.5152550160902297
369.36759750000203,0.5375863509109509,0.4624136490890491,0.4624136490890491,0.5375863509109509
369.917597500002,0.5643690879747616,0.43563091202523835,0.43563091202523835,0.5643690879747616
370.467597500002,0.6000844699611794,0.39991553003882063,0.39991553003882063,0.6000844699611794
371.017597500002,0.6360206599037377,0.36397934009626237,0.36397934009626237,0.6360206599037377
371.567597500002,0.661380779514172,0.338619220485828,0.338619220485828,0.661380779514172
372.11759750000203,0.6744911362297168,0.32550886377028315,0.32550886377028315,0.6744911362297168
372.667597500002,0.681639229541569,0.3183607704584311,0.3183607704584311,0.681639229541569
378.50103150000797,0.483584360499523,0.516415639500477,0.483584360499523,0.516415639500477
379.051031500008,0.48503252267344066,0.5149674773265593,0.48503252267344066,0.5149674773265593
379.60103150000793,0.5400218141444639,0.45997818585553607,0.5400218141444639,0.45997818585553607
380.15103150000795,0.5923841563939652,0.40761584360603476,0.5923841563939652,0.40761584360603476
380.70103150000796,0.6306758244200885,0.36932417557991143,0.6306758244200885,0.36932417557991143
381.25103150000797,0.659683386442222,0.34031661355777804,0.659683386442222,0.34031661355777804
388.3148712079972,0.4909991436759829,0.509000856324017,0.4909991436759829,0.509000856324017
388.8648712079972,0.5180092437606285,0.48199075623937143,0.5180092437606285,0.48199075623937143
389.4148712079972,0.5601757143893138,0.43982428561068626,0.5601757143893138,0.43982428561068626
389.9648712079972,0.5984594765012251,0.4015405234987749,0.5984594765012251,0.4015405234987749
390.5148712079972,0.6290978746446277,0.37090212535537226,0.6290978746446277,0.37090212535537226
391.0648712079972,0.6539505423112535,0.34604945768874656,0.6539505423112535,0.34604945768874656
398.1748629160691,0.47024682488077285,0.5297531751192271,0.5297531751192271,0.47024682488077285
398.7248629160691,0.4879728832076665,0.5120271167923335,0.5120271167923335,0.4879728832076665
399.2748629160691,0.5081613890692741,0.4918386109307259,0.4918386109307259,0.5081613890692741
399.8248629160691,0.5509702246907505,0.4490297753092495,0.4490297753092495,0.5509702246907505
400.3748629160691,0.5951319524163318,0.40486804758366823,0.40486804758366823,0.5951319524163318
400.9248629160691,0.6412853426580625,0.3587146573419375,0.3587146573419375,0.6412853426580625
401.4748629160691,0.6671587027684425,0.3328412972315576,0.3328412972315576,0.6671587027684425
407.98225187505597,0.4903074999957188,0.5096925000042812,0.4903074999957188,0.5096925000042812
408.532251875056,0.49393801317136793,0.506061986828632,0.49393801317136793,0.506061986828632
409.08225187505593,0.5209207178195052,0.4790792821804948,0.5209207178195052,0.4790792821804948
409.63225187505594,0.5616300684224433,0.4383699315775566,0.5616300684224433,0.4383699315775566
410.18225187505595,0.6017665649277197,0.3982334350722803,0.6017665649277197,0.3982334350722803
410.73225187505597,0.6450967179479898,0.3549032820520101,0.6450967179479898,0.3549032820520101
411.282251875056,0.6698768510420758,0.33012314895792416,0.6698768510420758,0.33012314895792416
417.8216872500023,0.47061265646086303,0.529387343539137,0.529387343539137,0.47061265646086303
418.3716872500023,0.44882705161906833,0.5511729483809317,0.5511729483809317,0.44882705161906833
418.92168725000226,0.4434310025957616,0.5565689974042384,0.5565689974042384,0.4434310025957616
419.4716872500023,0.4616751257939221,0.5383248742060779,0.5383248742060779,0.4616751257939221
420.0216872500023,0.5022931127656108,0.49770688723438916,0.49770688723438916,0.5022931127656108
427.6457828750834,0.4544082372650846,0.5455917627349154,0.4544082372650846,0.5455917627349154
428.1957828750834,0.4719523443476724,0.5280476556523276,0.4719523443476724,0.5280476556523276
428.74578287508336,0.49549559692655654,0.5045044030734436,0.49549559692655654,0.5045044030734436
429.2957828750834,0.5324560621497502,0.46754393785024984,0.5324560621497502,0.46754393785024984
429.8457828750834,0.5695975393091965,0.43040246069080346,0.5695975393091965,0.43040246069080346
430.3957828750834,0.6129586210074183,0.38704137899258173,0.6129586210074183,0.38704137899258173
430.9457828750834,0.6449034112544416,0.35509658874555844,0.6449034112544416,0.35509658874555844
437.33644329099917,0.5318544925249141,0.4681455074750859,0.5318544925249141,0.4681455074750859
437.8864432909992,0.546175440199515,0.453824559800485,0.546175440199515,0.453824559800485
438.43644329099914,0.5184136735494917,0.48158632645050825,0.5184136735494917,0.48158632645050825
438.98644329099915,0.4884018443537246,0.5115981556462754,0.4884018443537246,0.5115981556462754
439.53644329099916,0.45872568152220544,0.5412743184777945,0.45872568152220544,0.5412743184777945
440.08644329099917,0.40832287612402585,0.5916771238759742,0.40832287612402585,0.5916771238759742
440.6364432909992,0.35530497068074746,0.6446950293192526,0.35530497068074746,0.6446950293192526
441.18644329099914,0.32234693356195226,0.6776530664380478,0.32234693356195226,0.6776530664380478
447.1467548330082,0.5430448598885876,0.45695514011141236,0.5430448598885876,0.45695514011141236
447.6967548330082,0.5720458138859418,0.4279541861140582,0.5720458138859418,0.4279541861140582
448.24675483300814,0.5675568307625289,0.4324431692374711,0.5675568307625289,0.4324431692374711
448.79675483300815,0.5346547481530356,0.4653452518469644,0.5346547481530356,0.4653452518469644
449.34675483300816,0.47626071381008683,0.5237392861899132,0.47626071381008683,0.5237392861899132
449.8967548330082,0.42102700321086833,0.5789729967891317,0.42102700321086833,0.5789729967891317
450.4467548330082,0.36090836360397405,0.639091636396026,0.36090836360397405,0.639091636396026
457.4431132500293,0.5153345192745036,0.4846654807254964,0.5153345192745036,0.4846654807254964
457.9931132500293,0.5211404651749294,0.47885953482507065,0.5211404651749294,0.47885953482507065
458.54311325002925,0.5153688635733271,0.4846311364266729,0.5153688635733271,0.4846311364266729
459.09311325002926,0.4993220984536787,0.5006779015463212,0.4993220984536787,0.5006779015463212
459.6431132500293,0.47741981122477967,0.5225801887752204,0.47741981122477967,0.5225801887752204
460.1931132500293,0.4253969288841708,0.5746030711158292,0.4253969288841708,0.5746030711158292
460.7431132500293,0.3631049948388424,0.6368950051611576,0.3631049948388424,0.6368950051611576
467.32453708299437,0.5349330642723655,0.46506693572763436,0.46506693572763436,0.5349330642723655
467.8745370829944,0.5340590363449954,0.4659409636550046,0.4659409636550046,0.5340590363449954
468.42453708299433,0.5060721489760073,0.4939278510239927,0.4939278510239927,0.5060721489760073
468.97453708299435,0.466122020683713,0.533877979316287,0.533877979316287,0.466122020683713
469.52453708299436,0.42183744864924316,0.5781625513507569,0.5781625513507569,0.42183744864924316
470.07453708299437,0.38493814639022694,0.6150618536097731,0.6150618536097731,0.38493814639022694
470.6245370829944,0.34641384020458355,0.6535861597954165,0.6535861597954165,0.34641384020458355
477.1738122499781,0.46707906535475774,0.5329209346452423,0.46707906535475774,0.5329209346452423
477.7238122499781,0.473605431683465,0.526394568316535,0.473605431683465,0.526394568316535
478.27381224997805,0.4870649388717828,0.5129350611282172,0.4870649388717828,0.5129350611282172
478.82381224997806,0.5125331738515734,0.4874668261484266,0.5125331738515734,0.4874668261484266
479.3738122499781,0.55340543896674,0.44659456103326,0.55340543896674,0.44659456103326
487.0362560830079,0.5333133807615257,0.4666866192384743,0.4666866192384743,0.5333133807615257
487.5862560830079,0.5260947129280136,0.4739052870719865,0.4739052870719865,0.5260947129280136
488.1362560830079,0.5143926429884476,0.4856073570115524,0.4856073570115524,0.5143926429884476
488.6862560830079,0.4889264137551079,0.5110735862448921,0.5110735862448921,0.4889264137551079
489.2362560830079,0.45791339996223396,0.542086600037766,0.542086600037766,0.45791339996223396
489.7862560830079,0.39150505433924876,0.6084949456607512,0.6084949456607512,0.39150505433924876
490.3362560830079,0.344580958841757,0.655419041158243,0.655419041158243,0.344580958841757
496.9590700830566,0.5455992785906132,0.45440072140938687,0.5455992785906132,0.45440072140938687
497.5090700830566,0.5547619329620856,0.44523806703791435,0.5547619329620856,0.44523806703791435
498.05907008305655,0.529475670574413,0.470524329425587,0.529475670574413,0.470524329425587
498.60907008305657,0.4969113448962421,0.5030886551037579,0.4969113448962421,0.5030886551037579
499.1590700830566,0.42462902425116933,0.5753709757488307,0.42462902425116933,0.5753709757488307
499.7090700830566,0.3692364058135739,0.630763594186426,0.3692364058135739,0.630763594186426
500.2590700830566,0.33464685465001676,0.6653531453499832,0.33464685465001676,0.6653531453499832
506.8108505410608,0.48008424238624997,0.5199157576137501,0.48008424238624997,0.5199157576137501
507.3608505410608,0.4988924996627714,0.5011075003372286,0.4988924996627714,0.5011075003372286
507.91085054106077,0.5234196798507398,0.4765803201492603,0.5234196798507398,0.4765803201492603
508.4608505410608,0.5545849151689456,0.4454150848310544,0.5545849151689456,0.4454150848310544
509.0108505410608,0.582990060564293,0.417009939435707,0.582990060564293,0.417009939435707
509.5608505410608,0.6247990857585652,0.37520091424143476,0.6247990857585652,0.37520091424143476
510.1108505410608,0.6585232318285335,0.3414767681714666,0.6585232318285335,0.3414767681714666
510.66085054106077,0.677789842993257,0.32221015700674305,0.677789842993257,0.32221015700674305
516.6194378750631,0.5172799763467861,0.48272002365321376,0.48272002365321376,0.5172799763467861
517.1694378750632,0.4938642861537724,0.5061357138462276,0.5061357138462276,0.4938642861537724
517.7194378750631,0.4705360838096473,0.5294639161903527,0.5294639161903527,0.4705360838096473
518.2694378750632,0.43807391528780015,0.5619260847121998,0.5619260847121998,0.43807391528780015
518.8194378750632,0.40016807642851554,0.5998319235714844,0.5998319235714844,0.40016807642851554
519.3694378750631,0.37004511976789994,0.6299548802321,0.6299548802321,0.37004511976789994
519.9194378750632,0.3398802341234806,0.6601197658765194,0.6601197658765194,0.3398802341234806
520.4694378750631,0.3237603360648472,0.6762396639351528,0.6762396639351528,0.3237603360648472
521.0194378750632,0.3150924284119569,0.684907571588043,0.684907571588043,0.3150924284119569
526.4919131249887,0.5350001042302179,0.464999895769782,0.464999895769782,0.5350001042302179
527.0419131249888,0.5177101435979587,0.48228985640204125,0.48228985640204125,0.5177101435979587
527.5919131249888,0.4934924608700866,0.5065075391299134,0.5065075391299134,0.4934924608700866
528.1419131249888,0.4683166575493243,0.5316833424506757,0.5316833424506757,0.4683166575493243
528.6919131249888,0.4210020527498199,0.5789979472501801,0.5789979472501801,0.4210020527498199
534.9446768750902,0.5332455828545511,0.46675441714544885,0.5332455828545511,0.46675441714544885
535.4946768750902,0.5360199971758006,0.46398000282419943,0.5360199971758006,0.46398000282419943
536.0446768750902,0.5327705402722495,0.46722945972775054,0.5327705402722495,0.46722945972775054
536.5946768750903,0.5224921615232154,0.4775078384767846,0.5224921615232154,0.4775078384767846
537.1446768750902,0.4706023699881223,0.5293976300118777,0.4706023699881223,0.5293976300118777
537.6946768750902,0.4091023145893205,0.5908976854106796,0.4091023145893205,0.5908976854106796
538.2446768750902,0.36456505757051927,0.6354349424294807,0.36456505757051927,0.6354349424294807
538.7946768750902,0.3258263159908591,0.6741736840091409,0.3258263159908591,0.6741736840091409
546.2481670000823,0.46261672273002974,0.5373832772699703,0.5373832772699703,0.46261672273002974
546.7981670000823,0.47613993555157696,0.523860064448423,0.523860064448423,0.47613993555157696
547.3481670000823,0.4910669729847334,0.5089330270152665,0.5089330270152665,0.4910669729847334
547.8981670000824,0.5376695054673899,0.4623304945326101,0.4623304945326101,0.5376695054673899
548.4481670000823,0.5900957996877398,0.4099042003122601,0.4099042003122601,0.5900957996877398
548.9981670000823,0.6298508525050047,0.37014914749499533,0.37014914749499533,0.6298508525050047
549.5481670000823,0.6577953195558357,0.34220468044416424,0.34220468044416424,0.6577953195558357
550.0981670000823,0.6797411787788571,0.3202588212211429,0.3202588212211429,0.6797411787788571
550.6481670000824,0.685020384330624,0.314979615669376,0.314979615669376,0.685020384330624
554.2559700409881,0.4573495176134059,0.5426504823865941,0.5426504823865941,0.4573495176134059
554.8059700409882,0.4447348799877866,0.5552651200122134,0.5552651200122134,0.4447348799877866
555.3559700409882,0.46189747008009757,0.5381025299199025,0.5381025299199025,0.46189747008009757
555.9059700409882,0.4887960157605785,0.5112039842394215,0.5112039842394215,0.4887960157605785
563.3497551250737,0.5057727897918054,0.4942272102081946,0.4942272102081946,0.5057727897918054
563.8997551250737,0.4944674135001839,0.5055325864998161,0.5055325864998161,0.4944674135001839
564.4497551250737,0.4814938885637442,0.5185061114362558,0.5185061114362558,0.4814938885637442
564.9997551250738,0.4517481534407709,0.5482518465592291,0.5482518465592291,0.4517481534407709
574.1488687500357,0.48335359992918236,0.5166464000708176,0.48335359992918236,0.5166464000708176
574.6988687500358,0.4684011352594601,0.5315988647405399,0.4684011352594601,0.5315988647405399
575.2488687500357,0.46544871706961044,0.5345512829303896,0.46544871706961044,0.5345512829303896
575.7988687500358,0.4732506113975943,0.5267493886024057,0.4732506113975943,0.5267493886024057
576.3488687500358,0.5050403283598419,0.4949596716401581,0.5050403283598419,0.4949596716401581
576.8988687500357,0.5466168901961461,0.4533831098038538,0.5466168901961461,0.4533831098038538
577.4488687500358,0.5893623563505646,0.41063764364943545,0.5893623563505646,0.41063764364943545
577.9988687500357,0.6309845857871136,0.3690154142128864,0.6309845857871136,0.3690154142128864
585.930546625005,0.46736289669949127,0.5326371033005087,0.46736289669949127,0.5326371033005087
586.4805466250051,0.4623782733619355,0.5376217266380645,0.4623782733619355,0.5376217266380645
587.0305466250051,0.4738024474363024,0.5261975525636976,0.4738024474363024,0.5261975525636976
587.5805466250051,0.4918308809970723,0.5081691190029277,0.4918308809970723,0.5081691190029277
588.1305466250051,0.5138972987070212,0.48610270129297883,0.5138972987070212,0.48610270129297883
588.680546625005,0.545963037138727,0.4540369628612731,0.545963037138727,0.4540369628612731
589.2305466250051,0.604229261758136,0.395770738241864,0.604229261758136,0.395770738241864
589.7805466250051,0.6503061895016224,0.3496938104983776,0.6503061895016224,0.3496938104983776
590.3305466250051,0.67203602655836,0.32796397344163997,0.67203602655836,0.32796397344163997
595.7193433750188,0.46725838367572525,0.5327416163242747,0.5327416163242747,0.46725838367572525
596.2693433750188,0.467334048004996,0.532665951995004,0.532665951995004,0.467334048004996
596.8193433750188,0.4842846344074323,0.5157153655925677,0.5157153655925677,0.4842846344074323
605.0782395000103,0.467331491869693,0.532668508130307,0.532668508130307,0.467331491869693
605.6282395000104,0.4706023291691531,0.5293976708308469,0.5293976708308469,0.4706023291691531
606.1782395000104,0.48686335315349566,0.5131366468465044,0.5131366468465044,0.48686335315349566
615.4706052080262,0.4536189202369021,0.5463810797630979,0.5463810797630979,0.4536189202369021
616.0206052080263,0.44971509182263764,0.5502849081773624,0.5502849081773624,0.44971509182263764
616.5706052080262,0.45776951340672395,0.5422304865932761,0.5422304865932761,0.45776951340672395
617.1206052080263,0.47316902908552694,0.5268309709144731,0.5268309709144731,0.47316902908552694
617.6706052080262,0.5579809955977901,0.4420190044022099,0.4420190044022099,0.5579809955977901
618.2206052080262,0.6328573360091114,0.3671426639908886,0.3671426639908886,0.6328573360091114
618.7706052080263,0.6799006027935761,0.3200993972064239,0.3200993972064239,0.6799006027935761
619.3206052080262,0.6855246791103953,0.3144753208896048,0.3144753208896048,0.6855246791103953
625.3411351249786,0.4730974585059271,0.5269025414940729,0.4730974585059271,0.5269025414940729
625.8911351249786,0.5180931790636109,0.48190682093638915,0.5180931790636109,0.48190682093638915
626.4411351249786,0.5818172753622093,0.41818272463779077,0.5818172753622093,0.41818272463779077
626.9911351249787,0.6325771715582235,0.36742282844177654,0.6325771715582235,0.36742282844177654
627.5411351249786,0.6637317700089714,0.33626822999102857,0.6637317700089714,0.33626822999102857
635.1501610000385,0.49650321471191,0.50349678528809,0.49650321471191,0.50349678528809
635.7001610000385,0.5272350368194174,0.4727649631805826,0.5272350368194174,0.4727649631805826
636.2501610000385,0.5684842977844036,0.4315157022155965,0.5684842977844036,0.4315157022155965
636.8001610000385,0.6152599180013449,0.38474008199865506,0.6152599180013449,0.38474008199865506
637.3501610000385,0.6475382668579746,0.35246173314202545,0.6475382668579746,0.35246173314202545
644.9820157500915,0.4881606632671578,0.5118393367328422,0.5118393367328422,0.4881606632671578
645.5320157500915,0.4897985943209056,0.5102014056790944,0.5102014056790944,0.4897985943209056
646.0820157500915,0.5027279171350207,0.49727208286497926,0.49727208286497926,0.5027279171350207
646.6320157500916,0.5538301968990027,0.4461698031009973,0.4461698031009973,0.5538301968990027
647.1820157500915,0.626713799115002,0.3732862008849979,0.3732862008849979,0.626713799115002
647.7320157500915,0.6663102902018021,0.3336897097981979,0.3336897097981979,0.6663102902018021
648.2820157500915,0.6800207973095433,0.3199792026904566,0.3199792026904566,0.6800207973095433
654.8468217500019,0.5266618091672338,0.4733381908327662,0.5266618091672338,0.4733381908327662
655.396821750002,0.555622325891568,0.444377674108432,0.555622325891568,0.444377674108432
655.946821750002,0.5949292736797995,0.4050707263202004,0.5949292736797995,0.4050707263202004
656.496821750002,0.6279274811095107,0.3720725188904893,0.6279274811095107,0.3720725188904893
664.6575355410575,0.5313919638013973,0.4686080361986027,0.4686080361986027,0.5313919638013973
665.2075355410576,0.5164252763144115,0.4835747236855885,0.4835747236855885,0.5164252763144115
665.7575355410576,0.47326922511628944,0.5267307748837106,0.5267307748837106,0.47326922511628944
666.3075355410576,0.41484481845715376,0.5851551815428462,0.5851551815428462,0.41484481845715376
666.8575355410576,0.36093466958309656,0.6390653304169034,0.6390653304169034,0.36093466958309656
667.4075355410575,0.3333551600928864,0.6666448399071137,0.6666448399071137,0.3333551600928864
667.9575355410576,0.32101790786067336,0.6789820921393266,0.6789820921393266,0.32101790786067336
674.3204363750526,0.4942120282254885,0.5057879717745115,0.5057879717745115,0.4942120282254885
674.8704363750527,0.49989743309026713,0.5001025669097329,0.5001025669097329,0.49989743309026713
675.4204363750526,0.5064121205269267,0.49358787947307325,0.49358787947307325,0.5064121205269267
675.9704363750527,0.5488903028963427,0.45110969710365734,0.45110969710365734,0.5488903028963427
676.5204363750527,0.6176871252886627,0.38231287471133724,0.38231287471133724,0.6176871252886627
677.0704363750526,0.660451212558443,0.33954878744155703,0.33954878744155703,0.660451212558443
677.6204363750527,0.6785594570914013,0.32144054290859864,0.32144054290859864,0.6785594570914013
684.1754310830263,0.5261364909303925,0.4738635090696075,0.5261364909303925,0.4738635090696075
684.7254310830264,0.5419355474739866,0.45806445252601335,0.5419355474739866,0.45806445252601335
685.2754310830263,0.5413127274574925,0.4586872725425075,0.5413127274574925,0.4586872725425075
685.8254310830264,0.5247231529050318,0.4752768470949682,0.5247231529050318,0.4752768470949682
693.9678297499893,0.48550569944056754,0.5144943005594325,0.5144943005594325,0.48550569944056754
694.5178297499893,0.4861575298684745,0.5138424701315255,0.5138424701315255,0.4861575298684745
695.0678297499893,0.5032738074999179,0.49672619250008215,0.49672619250008215,0.5032738074999179
695.6178297499894,0.5334378489860246,0.4665621510139754,0.4665621510139754,0.5334378489860246
696.1678297499893,0.5879295403284345,0.4120704596715655,0.4120704596715655,0.5879295403284345
696.7178297499893,0.647574913022821,0.35242508697717895,0.35242508697717895,0.647574913022821
697.2678297499893,0.6738979606311624,0.32610203936883764,0.32610203936883764,0.6738979606311624
703.2436345830326,0.5105755467711736,0.48942445322882644,0.48942445322882644,0.5105755467711736
703.7936345830327,0.48021204691707764,0.5197879530829224,0.5197879530829224,0.48021204691707764
704.3436345830327,0.45015681824259646,0.5498431817574035,0.5498431817574035,0.45015681824259646
704.8936345830327,0.39379945450886766,0.6062005454911323,0.6062005454911323,0.39379945450886766
705.4436345830327,0.3552212563098274,0.6447787436901726,0.6447787436901726,0.3552212563098274
705.9936345830326,0.33264795058159324,0.6673520494184068,0.6673520494184068,0.33264795058159324
713.691864291043,0.49690979635348176,0.5030902036465182,0.5030902036465182,0.49690979635348176
714.241864291043,0.4704971483369015,0.5295028516630985,0.5295028516630985,0.4704971483369015
714.791864291043,0.42269140881788425,0.5773085911821157,0.5773085911821157,0.42269140881788425
715.3418642910431,0.382099778048155,0.617900221951845,0.617900221951845,0.382099778048155
715.891864291043,0.3427179808529003,0.6572820191470997,0.6572820191470997,0.3427179808529003
716.441864291043,0.32469323613145534,0.6753067638685446,0.6753067638685446,0.32469323613145534
716.991864291043,0.3173635339070456,0.6826364660929545,0.6826364660929545,0.3173635339070456
717.541864291043,0.31496662935495107,0.6850333706450489,0.6850333706450489,0.31496662935495107
718.0918642910431,0.3141496819794424,0.6858503180205576,0.6858503180205576,0.3141496819794424
723.4997843750286,0.504868640137625,0.49513135986237494,0.49513135986237494,0.504868640137625
724.0497843750287,0.47022222691076615,0.5297777730892339,0.5297777730892339,0.47022222691076615
724.5997843750287,0.43659525537578836,0.5634047446242116,0.5634047446242116,0.43659525537578836
725.1497843750287,0.3846349848285899,0.6153650151714101,0.6153650151714101,0.3846349848285899
725.6997843750287,0.33996108594687235,0.6600389140531278,0.6600389140531278,0.33996108594687235
726.2497843750286,0.32228311417046934,0.6777168858295306,0.6777168858295306,0.32228311417046934
726.7997843750287,0.31593695874718075,0.6840630412528192,0.6840630412528192,0.31593695874718075
727.3497843750287,0.314244960533106,0.685755039466894,0.685755039466894,0.314244960533106
727.8997843750287,0.3139626704017467,0.6860373295982534,0.6860373295982534,0.3139626704017467
728.4497843750287,0.31393821046000114,0.6860617895399989,0.6860617895399989,0.31393821046000114
733.234713665978,0.5263048068355726,0.47369519316442743,0.5263048068355726,0.47369519316442743
733.7847136659781,0.5567191482862082,0.4432808517137918,0.5567191482862082,0.4432808517137918
734.334713665978,0.5878228883410666,0.4121771116589335,0.5878228883410666,0.4121771116589335
734.8847136659781,0.6267700982407254,0.3732299017592747,0.6267700982407254,0.3732299017592747
735.434713665978,0.6560584623838518,0.3439415376161482,0.6560584623838518,0.3439415376161482
735.984713665978,0.675679289437709,0.32432071056229095,0.675679289437709,0.32432071056229095
743.0664046660065,0.4605250685859877,0.5394749314140124,0.5394749314140124,0.4605250685859877
743.6164046660066,0.4334165669202754,0.5665834330797246,0.5665834330797246,0.4334165669202754
744.1664046660065,0.514799636789837,0.485200363210163,0.485200363210163,0.514799636789837
744.7164046660066,0.5934165086673514,0.4065834913326486,0.4065834913326486,0.5934165086673514
745.2664046660066,0.6476275834145213,0.35237241658547863,0.35237241658547863,0.6476275834145213
745.8164046660065,0.6738462492856021,0.3261537507143979,0.3261537507143979,0.6738462492856021
746.3664046660066,0.683613271312467,0.31638672868753304,0.31638672868753304,0.683613271312467
752.8653370410436,0.47596039137954016,0.5240396086204598,0.5240396086204598,0.47596039137954016
753.4153370410437,0.4889069326157779,0.5110930673842221,0.5110930673842221,0.4889069326157779
753.9653370410437,0.5156629503789751,0.48433704962102486,0.48433704962102486,0.5156629503789751
754.5153370410437,0.5635435013527116,0.4364564986472884,0.4364564986472884,0.5635435013527116
755.0653370410437,0.6328513441535182,0.3671486558464819,0.3671486558464819,0.6328513441535182
755.6153370410436,0.6680373883858091,0.331962611614191,0.331962611614191,0.6680373883858091
756.1653370410437,0.680372370318125,0.3196276296818749,0.3196276296818749,0.680372370318125
756.7153370410437,0.684415985046499,0.315584014953501,0.315584014953501,0.684415985046499
757.2653370410437,0.6856486411343891,0.31435135886561094,0.31435135886561094,0.6856486411343891
762.6685164999915,0.5013764229589043,0.4986235770410957,0.5013764229589043,0.4986235770410957
763.2185164999916,0.5231201299417936,0.4768798700582064,0.5231201299417936,0.4768798700582064
763.7685164999915,0.57397073204813,0.42602926795186996,0.57397073204813,0.42602926795186996
764.3185164999916,0.6324664471092358,0.3675335528907641,0.6324664471092358,0.3675335528907641
764.8685164999915,0.6641074487919472,0.3358925512080528,0.6641074487919472,0.3358925512080528
765.4185164999915,0.6778448837786186,0.32215511622138143,0.6778448837786186,0.32215511622138143
765.9685164999916,0.6831456120715689,0.3168543879284311,0.6831456120715689,0.3168543879284311
766.5185164999915,0.6851955075126795,0.31480449248732045,0.6851955075126795,0.31480449248732045
772.532529083034,0.5496572618007325,0.4503427381992675,0.5496572618007325,0.4503427381992675
773.082529083034,0.5446969621843532,0.4553030378156469,0.5446969621843532,0.4553030378156469
773.632529083034,0.4808475812505425,0.5191524187494575,0.4808475812505425,0.5191524187494575
774.1825290830341,0.40805826401422157,0.5919417359857784,0.40805826401422157,0.5919417359857784
774.732529083034,0.3568826726030311,0.6431173273969688,0.3568826726030311,0.6431173273969688
775.282529083034,0.3300745147545625,0.6699254852454375,0.3300745147545625,0.6699254852454375
775.832529083034,0.31796631711887247,0.6820336828811275,0.31796631711887247,0.6820336828811275
782.363593625091,0.440419897485936,0.559580102514064,0.559580102514064,0.440419897485936
782.913593625091,0.43166613352581806,0.5683338664741819,0.5683338664741819,0.43166613352581806
783.463593625091,0.4888187073916727,0.5111812926083272,0.5111812926083272,0.4888187073916727
784.0135936250911,0.551479087733489,0.4485209122665111,0.4485209122665111,0.551479087733489
784.563593625091,0.6067371166316555,0.39326288336834453,0.39326288336834453,0.6067371166316555
785.113593625091,0.6483500157098538,0.3516499842901462,0.3516499842901462,0.6483500157098538
785.663593625091,0.674927235626998,0.325072764373002,0.325072764373002,0.674927235626998
791.887035125005,0.48993633596837627,0.5100636640316237,0.5100636640316237,0.48993633596837627
792.4370351250051,0.46118316799793757,0.5388168320020624,0.5388168320020624,0.46118316799793757
792.987035125005,0.3986923461958122,0.6013076538041878,0.6013076538041878,0.3986923461958122
793.5370351250051,0.3555998407237177,0.6444001592762822,0.6444001592762822,0.3555998407237177
794.0870351250051,0.3325435240169618,0.6674564759830381,0.6674564759830381,0.3325435240169618
794.637035125005,0.3208601874360673,0.6791398125639327,0.6791398125639327,0.3208601874360673
795.1870351250051,0.31579042701738036,0.6842095729826196,0.6842095729826196,0.31579042701738036
795.737035125005,0.3143443621337251,0.6856556378662749,0.6856556378662749,0.3143443621337251
802.1654074160149,0.5319723672425358,0.46802763275746423,0.5319723672425358,0.46802763275746423
802.715407416015,0.5359736152027751,0.4640263847972249,0.5359736152027751,0.4640263847972249
803.2654074160149,0.5008615559713352,0.49913844402866475,0.5008615559713352,0.49913844402866475
803.815407416015,0.45527980359991727,0.5447201964000827,0.45527980359991727,0.5447201964000827
804.3654074160149,0.39236460748855984,0.6076353925114402,0.39236460748855984,0.6076353925114402
804.9154074160149,0.34411433367871036,0.6558856663212898,0.34411433367871036,0.6558856663212898
